methylcipher_id,pyaging_id,pyaging_field,methylcipher_field,pyaging_value,methylcipher_value,status,note,row_id,action_id,resolution
AdaptAge,yingadaptage,model_type,training_algorithm,causality-weighted elastic net regression,elastic net,definition_or_value_difference,Compare fitting algorithm with serialized/algebraically folded implementation.,C0003,D06,adjudicate_original_source
Blood,systemsageblood,model_type,training_algorithm,PCA + elastic net regression,Cox elastic net,definition_or_value_difference,Compare fitting algorithm with serialized/algebraically folded implementation.,C0048,D06,adjudicate_original_source
Brain,systemsagebrain,model_type,training_algorithm,PCA + elastic net regression,Cox elastic net,definition_or_value_difference,Compare fitting algorithm with serialized/algebraically folded implementation.,C0093,D06,adjudicate_original_source
CausAge,yingcausage,model_type,training_algorithm,causality-weighted elastic net regression,elastic net,definition_or_value_difference,Compare fitting algorithm with serialized/algebraically folded implementation.,C0108,D06,adjudicate_original_source
CellPopAge,cellpopage,tissue,tissues_derived,"[""cultured fibroblasts""]",fibroblasts,definition_or_value_difference,Broad labels versus explicit source tissues can explain apparent differences.,C0136,D07,adjudicate_original_source
DNAmADM,grimage2adm,n_features,n_cpgs,187,186,definition_or_value_difference,"pyaging counts packaged model features; upstream counts scoring CpGs. Compare covariates, routed unions, normalization panels and effective nonzero columns.",C0154,D02,explained_count_basis
DNAmADM,grimage2adm,doi,primary citation doi,https://doi.org/10.18632/aging.204434,"[""10.18632/aging.101684""]",publication_difference,,C0155,D03,adjudicate_original_source
DNAmADM,grimage2adm,year,primary citation year,2022,"[""2019""]",publication_difference,,C0156,D03,adjudicate_original_source
DNAmB2M,grimage2b2m,n_features,n_cpgs,92,91,definition_or_value_difference,"pyaging counts packaged model features; upstream counts scoring CpGs. Compare covariates, routed unions, normalization panels and effective nonzero columns.",C0169,D02,explained_count_basis
DNAmB2M,grimage2b2m,doi,primary citation doi,https://doi.org/10.18632/aging.204434,"[""10.18632/aging.101684""]",publication_difference,,C0170,D03,adjudicate_original_source
DNAmB2M,grimage2b2m,year,primary citation year,2022,"[""2019""]",publication_difference,,C0171,D03,adjudicate_original_source
DNAmClockCortical,corticalclock,tissue,tissues_derived,"[""brain cortex""]",brain PFC; brain OC,definition_or_value_difference,Broad labels versus explicit source tissues can explain apparent differences.,C0181,D07,adjudicate_original_source
DNAmCystatinC_GrimAgeV1,grimage2cystatinc,n_features,n_cpgs,88,87,definition_or_value_difference,"pyaging counts packaged model features; upstream counts scoring CpGs. Compare covariates, routed unions, normalization panels and effective nonzero columns.",C0199,D02,explained_count_basis
DNAmCystatinC_GrimAgeV1,grimage2cystatinc,doi,primary citation doi,https://doi.org/10.18632/aging.204434,"[""10.18632/aging.101684""]",publication_difference,,C0200,D03,adjudicate_original_source
DNAmCystatinC_GrimAgeV1,grimage2cystatinc,year,primary citation year,2022,"[""2019""]",publication_difference,,C0201,D03,adjudicate_original_source
DNAmFI_Li,dnamfili,platform,array_type_trained,"[""Illumina EPIC"", ""Illumina 450K""]",EPICv1,definition_or_value_difference,"Training platform must be separated from compatibility, validation and feature-selection platforms.",C0212,D05,adjudicate_original_source
DNAmGDF15,grimage2gdf15,n_features,n_cpgs,138,137,definition_or_value_difference,"pyaging counts packaged model features; upstream counts scoring CpGs. Compare covariates, routed unions, normalization panels and effective nonzero columns.",C0229,D02,explained_count_basis
DNAmGDF15,grimage2gdf15,doi,primary citation doi,https://doi.org/10.18632/aging.204434,"[""10.18632/aging.101684""]",publication_difference,,C0230,D03,adjudicate_original_source
DNAmGDF15,grimage2gdf15,year,primary citation year,2022,"[""2019""]",publication_difference,,C0231,D03,adjudicate_original_source
DNAmLeptin,grimage2leptin,doi,primary citation doi,https://doi.org/10.18632/aging.204434,"[""10.18632/aging.101684""]",publication_difference,,C0275,D03,adjudicate_original_source
DNAmLeptin,grimage2leptin,year,primary citation year,2022,"[""2019""]",publication_difference,,C0276,D03,adjudicate_original_source
DNAmPACKYRS,grimage2packyrs,n_features,n_cpgs,173,172,definition_or_value_difference,"pyaging counts packaged model features; upstream counts scoring CpGs. Compare covariates, routed unions, normalization panels and effective nonzero columns.",C0289,D02,explained_count_basis
DNAmPACKYRS,grimage2packyrs,doi,primary citation doi,https://doi.org/10.18632/aging.204434,"[""10.18632/aging.101684""]",publication_difference,,C0290,D03,adjudicate_original_source
DNAmPACKYRS,grimage2packyrs,year,primary citation year,2022,"[""2019""]",publication_difference,,C0291,D03,adjudicate_original_source
DNAmPAI1,grimage2pai1,doi,primary citation doi,https://doi.org/10.18632/aging.204434,"[""10.18632/aging.101684""]",publication_difference,,C0305,D03,adjudicate_original_source
DNAmPAI1,grimage2pai1,year,primary citation year,2022,"[""2019""]",publication_difference,,C0306,D03,adjudicate_original_source
DNAmStress,dnamstress,model_type,training_algorithm,bootstrap-stabilized elastic net regression,elastic net,definition_or_value_difference,Compare fitting algorithm with serialized/algebraically folded implementation.,C0348,D06,adjudicate_original_source
DNAmTIMP1,grimage2timp1,n_features,n_cpgs,43,42,definition_or_value_difference,"pyaging counts packaged model features; upstream counts scoring CpGs. Compare covariates, routed unions, normalization panels and effective nonzero columns.",C0364,D02,explained_count_basis
DNAmTIMP1,grimage2timp1,doi,primary citation doi,https://doi.org/10.18632/aging.204434,"[""10.18632/aging.101684""]",publication_difference,,C0365,D03,adjudicate_original_source
DNAmTIMP1,grimage2timp1,year,primary citation year,2022,"[""2019""]",publication_difference,,C0366,D03,adjudicate_original_source
DNAmlogA1C,grimage2loga1c,n_features,n_cpgs,87,86,definition_or_value_difference,"pyaging counts packaged model features; upstream counts scoring CpGs. Compare covariates, routed unions, normalization panels and effective nonzero columns.",C0394,D02,explained_count_basis
DamAge,yingdamage,model_type,training_algorithm,causality-weighted elastic net regression,elastic net,definition_or_value_difference,Compare fitting algorithm with serialized/algebraically folded implementation.,C0423,D06,adjudicate_original_source
DunedinPACE,dunedinpace,platform,array_type_trained,"[""Illumina EPIC""]",450K; EPICv1,definition_or_value_difference,"Training platform must be separated from compatibility, validation and feature-selection platforms.",C0437,D05,adjudicate_original_source
DunedinPACE,dunedinpace,n_features,n_cpgs,20000,173,definition_or_value_difference,"pyaging counts packaged model features; upstream counts scoring CpGs. Compare covariates, routed unions, normalization panels and effective nonzero columns.",C0439,D02,explained_count_basis
DunedinPoAm38,dunedinpoam38,platform,array_type_trained,"[""Illumina 450K""]",450K; EPICv1,definition_or_value_difference,"Training platform must be separated from compatibility, validation and feature-selection platforms.",C0452,D05,adjudicate_original_source
EpiTOC,epitoc1,tissue,tissues_derived,"[""multi-tissue"", ""whole blood""]",blood,definition_or_value_difference,Broad labels versus explicit source tissues can explain apparent differences.,C0481,D07,adjudicate_original_source
EpiTOC,epitoc1,model_type,training_algorithm,mean methylation aggregation,unweighted mean of a priori-selected CpGs (no penalized regression); linear calibration of pcgtAge to chronological age,definition_or_value_difference,Compare fitting algorithm with serialized/algebraically folded implementation.,C0483,D06,adjudicate_original_source
EpiTOC2,epitoc2,model_type,training_algorithm,dynamic methylation transmission model,non-linear least squares (nls2),definition_or_value_difference,Compare fitting algorithm with serialized/algebraically folded implementation.,C0498,D06,adjudicate_original_source
GrimAgeV1,grimage,model_type,training_algorithm,two-stage elastic net + Cox regression,Cox elastic net,definition_or_value_difference,Compare fitting algorithm with serialized/algebraically folded implementation.,C0513,D06,adjudicate_original_source
GrimAgeV1,grimage,n_features,n_cpgs,1032,1030,definition_or_value_difference,"pyaging counts packaged model features; upstream counts scoring CpGs. Compare covariates, routed unions, normalization panels and effective nonzero columns.",C0514,D02,explained_count_basis
GrimAgeV2,grimage2,model_type,training_algorithm,elastic net Cox regression,Cox elastic net,definition_or_value_difference,Compare fitting algorithm with serialized/algebraically folded implementation.,C0528,D06,adjudicate_original_source
GrimAgeV2,grimage2,n_features,n_cpgs,1032,1030,definition_or_value_difference,"pyaging counts packaged model features; upstream counts scoring CpGs. Compare covariates, routed unions, normalization panels and effective nonzero columns.",C0529,D02,explained_count_basis
HRSInChPhenoAge,hrsinchphenoage,model_type,training_algorithm,weighted linear score,elastic net,definition_or_value_difference,Compare fitting algorithm with serialized/algebraically folded implementation.,C0558,D06,adjudicate_original_source
Heart,systemsageheart,model_type,training_algorithm,PCA + elastic net regression,Cox elastic net,definition_or_value_difference,Compare fitting algorithm with serialized/algebraically folded implementation.,C0588,D06,adjudicate_original_source
Hormone,systemsagehormone,model_type,training_algorithm,PCA + elastic net regression,Cox elastic net,definition_or_value_difference,Compare fitting algorithm with serialized/algebraically folded implementation.,C0603,D06,adjudicate_original_source
Horvath1,horvath2013,tissue,tissues_derived,"[""multi-tissue""]",diverse tissues,definition_or_value_difference,Broad labels versus explicit source tissues can explain apparent differences.,C0616,D07,adjudicate_original_source
Horvath2,skinandblood,tissue,tissues_derived,"[""buccal epithelium"", ""whole blood"", ""epithelium"", ""cultured fibroblasts"", ""skin"", ""cord blood""]",fibroblasts; keratinocytes; buccal; endothelial cells; lymphoblastoid cells; skin; blood; saliva,definition_or_value_difference,Broad labels versus explicit source tissues can explain apparent differences.,C0631,D07,adjudicate_original_source
HypoClock,hypoclock,platform,array_type_trained,"[""Illumina 450K""]",450K; EPICv1,definition_or_value_difference,"Training platform must be separated from compatibility, validation and feature-selection platforms.",C0647,D05,adjudicate_original_source
HypoClock,hypoclock,model_type,training_algorithm,mean aggregation,average DNAm over a fixed CpG set (no regression); linear rescaling for age-adjusted HypoScore,definition_or_value_difference,Compare fitting algorithm with serialized/algebraically folded implementation.,C0648,D06,adjudicate_original_source
Immune,systemsageimmune,model_type,training_algorithm,PCA + elastic net regression,Cox elastic net,definition_or_value_difference,Compare fitting algorithm with serialized/algebraically folded implementation.,C0663,D06,adjudicate_original_source
Inflammation,systemsageinflammation,model_type,training_algorithm,PCA + elastic net regression,Cox elastic net,definition_or_value_difference,Compare fitting algorithm with serialized/algebraically folded implementation.,C0678,D06,adjudicate_original_source
IntrinClock370,intrinclock370,tissue,tissues_derived,"[""multi-tissue""]",diverse tissues majority blood,definition_or_value_difference,Broad labels versus explicit source tissues can explain apparent differences.,C0691,D07,adjudicate_original_source
IntrinClock370,intrinclock370,model_type,training_algorithm,two-stage elastic net regression,elastic net,definition_or_value_difference,Compare fitting algorithm with serialized/algebraically folded implementation.,C0693,D06,adjudicate_original_source
IntrinClock380,intrinclock,tissue,tissues_derived,"[""multi-tissue""]",diverse tissues majority blood,definition_or_value_difference,Broad labels versus explicit source tissues can explain apparent differences.,C0706,D07,adjudicate_original_source
IntrinClock380,intrinclock,model_type,training_algorithm,two-stage elastic net regression,elastic net,definition_or_value_difference,Compare fitting algorithm with serialized/algebraically folded implementation.,C0708,D06,adjudicate_original_source
Kidney,systemsagekidney,model_type,training_algorithm,PCA + elastic net regression,Cox elastic net,definition_or_value_difference,Compare fitting algorithm with serialized/algebraically folded implementation.,C0723,D06,adjudicate_original_source
Knight,knight,tissue,tissues_derived,"[""cord blood"", ""neonatal blood spots""]",cord blood; blood spot,definition_or_value_difference,Broad labels versus explicit source tissues can explain apparent differences.,C0736,D07,adjudicate_original_source
Lin,lin,platform,array_type_trained,"[""Illumina 27K"", ""Illumina 450K""]",450K,definition_or_value_difference,"Training platform must be separated from compatibility, validation and feature-selection platforms.",C0812,D05,adjudicate_original_source
Lin,lin,model_type,training_algorithm,linear regression,multivariate linear regression,definition_or_value_difference,Compare fitting algorithm with serialized/algebraically folded implementation.,C0813,D06,adjudicate_original_source
Liver,systemsageliver,model_type,training_algorithm,PCA + elastic net regression,Cox elastic net,definition_or_value_difference,Compare fitting algorithm with serialized/algebraically folded implementation.,C0828,D06,adjudicate_original_source
Lung,systemsagelung,model_type,training_algorithm,PCA + elastic net regression,Cox elastic net,definition_or_value_difference,Compare fitting algorithm with serialized/algebraically folded implementation.,C0843,D06,adjudicate_original_source
Metabolic,systemsagemetabolic,model_type,training_algorithm,PCA + elastic net regression,Cox elastic net,definition_or_value_difference,Compare fitting algorithm with serialized/algebraically folded implementation.,C0873,D06,adjudicate_original_source
MiAge,miage,tissue,tissues_derived,"[""multi-tissue""]",breast; colon; head/neck; kidney; liver; prostate; thyroid; uterine; matched tumor and adjacent-normal,definition_or_value_difference,Broad labels versus explicit source tissues can explain apparent differences.,C0886,D07,adjudicate_original_source
MiAge,miage,platform,array_type_trained,"[""Illumina 450K""]",450K; EPICv1,definition_or_value_difference,"Training platform must be separated from compatibility, validation and feature-selection platforms.",C0887,D05,adjudicate_original_source
MiAge,miage,model_type,training_algorithm,dynamic methylation transmission model,MiAge model (least-squares fit of a stochastic methylation-transmission / molecular-clock model),definition_or_value_difference,Compare fitting algorithm with serialized/algebraically folded implementation.,C0888,D06,adjudicate_original_source
MusculoSkeletal,systemsagemusculoskeletal,model_type,training_algorithm,PCA + elastic net regression,Cox elastic net,definition_or_value_difference,Compare fitting algorithm with serialized/algebraically folded implementation.,C0903,D06,adjudicate_original_source
PCADM,pcgrimageadm,n_features,n_cpgs,78466,78464,definition_or_value_difference,"pyaging counts packaged model features; upstream counts scoring CpGs. Compare covariates, routed unions, normalization panels and effective nonzero columns.",C0919,D02,explained_count_basis
PCB2M,pcgrimageb2m,n_features,n_cpgs,78465,78464,definition_or_value_difference,"pyaging counts packaged model features; upstream counts scoring CpGs. Compare covariates, routed unions, normalization panels and effective nonzero columns.",C0934,D02,explained_count_basis
PCBrainAge,pcbrainage,tissue,tissues_derived,"[""brain cortex""]",brain PFC,definition_or_value_difference,Broad labels versus explicit source tissues can explain apparent differences.,C0946,D07,adjudicate_original_source
PCCystatinC,pcgrimagecystatinc,n_features,n_cpgs,78466,78464,definition_or_value_difference,"pyaging counts packaged model features; upstream counts scoring CpGs. Compare covariates, routed unions, normalization panels and effective nonzero columns.",C0964,D02,explained_count_basis
PCGDF15,pcgrimagegdf15,n_features,n_cpgs,78465,78464,definition_or_value_difference,"pyaging counts packaged model features; upstream counts scoring CpGs. Compare covariates, routed unions, normalization panels and effective nonzero columns.",C0994,D02,explained_count_basis
PCGrimAge,pcgrimage,n_features,n_cpgs,78466,78464,definition_or_value_difference,"pyaging counts packaged model features; upstream counts scoring CpGs. Compare covariates, routed unions, normalization panels and effective nonzero columns.",C1009,D02,explained_count_basis
PCHorvath1,pchorvath2013,tissue,tissues_derived,"[""multi-tissue""]",diverse tissues,definition_or_value_difference,Broad labels versus explicit source tissues can explain apparent differences.,C1036,D07,adjudicate_original_source
PCHorvath1,pchorvath2013,platform,array_type_trained,"[""Illumina 450K"", ""Illumina EPIC""]",450K,definition_or_value_difference,"Training platform must be separated from compatibility, validation and feature-selection platforms.",C1037,D05,adjudicate_original_source
PCHorvath2,pcskinandblood,tissue,tissues_derived,"[""skin"", ""whole blood"", ""cultured fibroblasts""]",fibroblasts; keratinocytes; buccal; endothelial cells; lymphoblastoid cells; skin; blood; saliva,definition_or_value_difference,Broad labels versus explicit source tissues can explain apparent differences.,C1051,D07,adjudicate_original_source
PCHorvath2,pcskinandblood,platform,array_type_trained,"[""Illumina 450K"", ""Illumina EPIC""]",450K,definition_or_value_difference,"Training platform must be separated from compatibility, validation and feature-selection platforms.",C1052,D05,adjudicate_original_source
PCLeptin,pcgrimageleptin,n_features,n_cpgs,78466,78464,definition_or_value_difference,"pyaging counts packaged model features; upstream counts scoring CpGs. Compare covariates, routed unions, normalization panels and effective nonzero columns.",C1069,D02,explained_count_basis
PCPACKYRS,pcgrimagepackyrs,n_features,n_cpgs,78466,78464,definition_or_value_difference,"pyaging counts packaged model features; upstream counts scoring CpGs. Compare covariates, routed unions, normalization panels and effective nonzero columns.",C1084,D02,explained_count_basis
PCPAI1,pcgrimagepai1,n_features,n_cpgs,78465,78464,definition_or_value_difference,"pyaging counts packaged model features; upstream counts scoring CpGs. Compare covariates, routed unions, normalization panels and effective nonzero columns.",C1099,D02,explained_count_basis
PCTIMP1,pcgrimagetimp1,n_features,n_cpgs,78466,78464,definition_or_value_difference,"pyaging counts packaged model features; upstream counts scoring CpGs. Compare covariates, routed unions, normalization panels and effective nonzero columns.",C1129,D02,explained_count_basis
PedBE,pedbe,tissue,tissues_derived,"[""buccal epithelium""]",buccal,definition_or_value_difference,Broad labels versus explicit source tissues can explain apparent differences.,C1141,D07,adjudicate_original_source
RepliTali,replitali,tissue,tissues_derived,"[""cultured primary human cells""]",fibroblasts; endothelial cells; smooth muscle; keratinocytes,definition_or_value_difference,Broad labels versus explicit source tissues can explain apparent differences.,C1171,D07,adjudicate_original_source
RepliTaliNorm,replitalinorm,tissue,tissues_derived,"[""cultured fibroblasts""]",fibroblasts,definition_or_value_difference,Broad labels versus explicit source tissues can explain apparent differences.,C1186,D07,adjudicate_original_source
Retroelement_AgeV1,retroelementagev1,doi,primary citation doi,https://doi.org/10.1111/acel.14288,"[""10.1101/2023.12.06.570422""]",publication_difference,,C1205,D04,retain_current_journal_reference
Retroelement_AgeV1,retroelementagev1,year,primary citation year,2024,"[""2023""]",publication_difference,,C1206,D04,retain_current_journal_reference
Retroelement_AgeV2,retroelementagev2,doi,primary citation doi,https://doi.org/10.1111/acel.14288,"[""10.1101/2023.12.06.570422""]",publication_difference,,C1220,D04,retain_current_journal_reference
Retroelement_AgeV2,retroelementagev2,year,primary citation year,2024,"[""2023""]",publication_difference,,C1221,D04,retain_current_journal_reference
SenChronoAge,senchronoage,platform,array_type_trained,"[""Illumina 450K"", ""Illumina EPIC""]",450K,definition_or_value_difference,"Training platform must be separated from compatibility, validation and feature-selection platforms.",C1232,D05,adjudicate_original_source
SenCultureAge,sencultureage,tissue,tissues_derived,"[""cultured fibroblasts"", ""cultured mesenchymal stromal cells""]",fibroblasts; mesenchymal stem cells,definition_or_value_difference,Broad labels versus explicit source tissues can explain apparent differences.,C1246,D07,adjudicate_original_source
SenCultureAge,sencultureage,platform,array_type_trained,"[""Illumina 450K"", ""Illumina EPIC""]",EPICv1,definition_or_value_difference,"Training platform must be separated from compatibility, validation and feature-selection platforms.",C1247,D05,adjudicate_original_source
SenCultureAge,sencultureage,model_type,training_algorithm,elastic net logistic regression,elastic net,definition_or_value_difference,Compare fitting algorithm with serialized/algebraically folded implementation.,C1248,D06,adjudicate_original_source
SenMortalityAge,senmortalityage,platform,array_type_trained,"[""Illumina 450K"", ""Illumina EPIC""]",450K,definition_or_value_difference,"Training platform must be separated from compatibility, validation and feature-selection platforms.",C1262,D05,adjudicate_original_source
SenMortalityAge,senmortalityage,model_type,training_algorithm,elastic net Cox regression,elastic net,definition_or_value_difference,Compare fitting algorithm with serialized/algebraically folded implementation.,C1263,D06,adjudicate_original_source
SmokingMcCartney,mccartneysmoking,platform,array_type_trained,"[""Illumina EPIC""]",450K; EPICv1,definition_or_value_difference,"Training platform must be separated from compatibility, validation and feature-selection platforms.",C1277,D05,adjudicate_original_source
StocH,stoch,tissue,tissues_derived,"[""sorted monocytes""]",blood,definition_or_value_difference,Broad labels versus explicit source tissues can explain apparent differences.,C1291,D07,adjudicate_original_source
StocH,stoch,platform,array_type_trained,"[""Illumina 450K""]",450K; EPICv1,definition_or_value_difference,"Training platform must be separated from compatibility, validation and feature-selection platforms.",C1292,D05,adjudicate_original_source
StocP,stocp,tissue,tissues_derived,"[""sorted monocytes""]",blood,definition_or_value_difference,Broad labels versus explicit source tissues can explain apparent differences.,C1306,D07,adjudicate_original_source
StocP,stocp,platform,array_type_trained,"[""Illumina 450K""]",450K; EPICv1,definition_or_value_difference,"Training platform must be separated from compatibility, validation and feature-selection platforms.",C1307,D05,adjudicate_original_source
StocZ,stocz,tissue,tissues_derived,"[""sorted monocytes""]",blood,definition_or_value_difference,Broad labels versus explicit source tissues can explain apparent differences.,C1321,D07,adjudicate_original_source
StocZ,stocz,platform,array_type_trained,"[""Illumina 450K""]",450K; EPICv1,definition_or_value_difference,"Training platform must be separated from compatibility, validation and feature-selection platforms.",C1322,D05,adjudicate_original_source
SystemsAge,systemsage,model_type,training_algorithm,PCA + elastic net regression,Cox elastic net,definition_or_value_difference,Compare fitting algorithm with serialized/algebraically folded implementation.,C1338,D06,adjudicate_original_source
VidalBralo,vidalbralo,model_type,training_algorithm,linear regression,forward stepwise linear regression,definition_or_value_difference,Compare fitting algorithm with serialized/algebraically folded implementation.,C1383,D06,adjudicate_original_source
Weidner,weidner,platform,array_type_trained,"[""Illumina 27K"", ""bisulfite sequencing""]",27K,definition_or_value_difference,"Training platform must be separated from compatibility, validation and feature-selection platforms.",C1412,D05,adjudicate_original_source
Weidner,weidner,model_type,training_algorithm,linear regression,multivariate linear regression,definition_or_value_difference,Compare fitting algorithm with serialized/algebraically folded implementation.,C1413,D06,adjudicate_original_source
Zhang2019BLUP,zhangblup,platform,array_type_trained,"[""Illumina 450K"", ""Illumina EPIC""]",450K,definition_or_value_difference,"Training platform must be separated from compatibility, validation and feature-selection platforms.",C1427,D05,adjudicate_original_source
Zhang2019BLUP,zhangblup,model_type,training_algorithm,best linear unbiased prediction,BLUP,definition_or_value_difference,Compare fitting algorithm with serialized/algebraically folded implementation.,C1428,D06,adjudicate_original_source
Zhang2019EN,zhangen,platform,array_type_trained,"[""Illumina 450K"", ""Illumina EPIC""]",450K,definition_or_value_difference,"Training platform must be separated from compatibility, validation and feature-selection platforms.",C1442,D05,adjudicate_original_source
ZhangMortality,zhangmortality,model_type,training_algorithm,weighted linear score,LASSO,definition_or_value_difference,Compare fitting algorithm with serialized/algebraically folded implementation.,C1458,D06,adjudicate_original_source
non_prcPhenoAge,dnamphenoagenonprc,model_type,training_algorithm,weighted linear score,elastic net,definition_or_value_difference,Compare fitting algorithm with serialized/algebraically folded implementation.,C1473,D06,adjudicate_original_source
non_prcPhenoAge,dnamphenoagenonprc,doi,primary citation doi,https://doi.org/10.1186/s13148-022-01249-z,"[""10.18632/aging.101414""]",publication_difference,,C1475,D03,adjudicate_original_source
non_prcPhenoAge,dnamphenoagenonprc,year,primary citation year,2022,"[""2018""]",publication_difference,,C1476,D03,adjudicate_original_source
prcPhenoAge,dnamphenoageprc,model_type,training_algorithm,weighted linear score,elastic net,definition_or_value_difference,Compare fitting algorithm with serialized/algebraically folded implementation.,C1488,D06,adjudicate_original_source
prcPhenoAge,dnamphenoageprc,doi,primary citation doi,https://doi.org/10.1186/s13148-022-01249-z,"[""10.18632/aging.101414""]",publication_difference,,C1490,D03,adjudicate_original_source
prcPhenoAge,dnamphenoageprc,year,primary citation year,2022,"[""2018""]",publication_difference,,C1491,D03,adjudicate_original_source
