Assay,OlinkID,UniProt,Panel
ABCA2,OID30146,Q9BZC7,Cardiometabolic_II
ADAM22,OID21001,Q9P0K1,Neurology
ADCYAP1R1,OID21188,P41586,Oncology
AMBN,OID20437,Q9NP70,Inflammation
ANGPTL7,OID21412,O43827,Oncology
APLP1,OID20164,P51693,Cardiometabolic
APOD,OID30746,P05090,Inflammation_II
ATP1B2,OID30118,P14415,Cardiometabolic_II
ATP6V1G2,OID30167,O95670,Cardiometabolic_II
BCAN,OID20998,Q96GW7,Neurology
BMP10,OID30575,O95393,Inflammation_II
BSND,OID31184,Q8WZ55,Oncology_II
C1QL2,OID30515,Q7Z5L3,Inflammation_II
CA11,OID21195,O75493,Oncology
CA14,OID21401,Q9ULX7,Oncology
CBLN1,OID30851,P23435,Neurology_II
CDH22,OID31332,Q9UJ99,Oncology_II
CEND1,OID30821,Q8N111,Neurology_II
CLEC2L,OID30884,P0C7M8,Neurology_II
CNDP1,OID20347,Q96KN2,Cardiometabolic
CNP,OID30285,P09543,Cardiometabolic_II
CNTF,OID30807,P26441,Neurology_II
CNTN1,OID20307,Q12860,Cardiometabolic
CNTN2,OID21426,Q02246,Oncology
CNTNAP2,OID20556,Q9UHC6,Inflammation
CNTNAP4,OID30911,Q9C0A0,Neurology_II
CPLX2,OID31186,Q6PUV4,Oncology_II
CRH,OID21257,P06850,Oncology
CRTAM,OID20914,O95727,Neurology
CSPG5,OID30843,O95196,Neurology_II
CYP24A1,OID30091,Q07973,Cardiometabolic_II
DNAJC6,OID30247,O75061,Cardiometabolic_II
DNM1,OID31458,Q05193,Oncology_II
DNM3,OID31000,Q9UQ16,Neurology_II
ELAVL4,OID30854,P26378,Neurology_II
ENO2,OID21046,P09104,Neurology
ENOPH1,OID31349,Q9UHY7,Oncology_II
ENPP6,OID30273,Q6UWR7,Cardiometabolic_II
EXTL1,OID30114,Q92935,Cardiometabolic_II
FGF3,OID30544,P11487,Inflammation_II
FKBP1B,OID20618,P68106,Inflammation
GABRA4,OID30803,P48169,Neurology_II
GAD1,OID31166,Q99259,Oncology_II
GAD2,OID30449,Q05329,Inflammation_II
GFAP,OID21247,P14136,Oncology
GPC5,OID20944,P78333,Neurology
GPR101,OID30819,Q96P66,Neurology_II
GPR158,OID31013,Q5T848,Neurology_II
GPR37,OID20095,O15354,Cardiometabolic
GRIK2,OID30977,Q13002,Neurology_II
GRIN2B,OID30802,Q13224,Neurology_II
HAVCR1,OID21422,Q96D42,Oncology
HTR1A,OID30824,P08908,Neurology_II
IDS,OID20619,P22304,Inflammation
IGLON5,OID31169,A6NGN9,Oncology_II
IGSF21,OID30210,Q96ID5,Cardiometabolic_II
IL9,OID31298,P15248,Oncology_II
IMPG1,OID30814,Q17R60,Neurology_II
ITGB1BP2,OID20112,Q9UKP3,Cardiometabolic
ITGB6,OID20493,P18564,Inflammation
KCNIP4,OID20813,Q6PIL6,Neurology
KIAA1549L,OID31312,Q6ZVL6,Oncology_II
LCN15,OID31032,Q6UWW0,Neurology_II
LHPP,OID20749,Q9H008,Inflammation
LRFN2,OID30895,Q9ULH4,Neurology_II
LRTM2,OID31020,Q8N967,Neurology_II
MAG,OID30967,P20916,Neurology_II
MAP2,OID31138,P11137,Neurology_II
MAPK9,OID20557,P45984,Inflammation
MDGA1,OID20951,Q8NFP4,Neurology
MEGF10,OID20746,Q96KG7,Inflammation
MEGF11,OID30099,A6BM72,Cardiometabolic_II
MEPE,OID20753,Q9NQ76,Inflammation
MOG,OID21384,Q16653,Oncology
MYL4,OID30245,P12829,Cardiometabolic_II
MZT1,OID21186,Q08AG7,Oncology
NCAN,OID21055,O14594,Neurology
NEFL,OID20871,P07196,Neurology
NGFR,OID30300,P08138,Cardiometabolic_II
NMRK2,OID31163,Q9NPI5,Oncology_II
NPHS2,OID30462,Q9NP85,Inflammation_II
NPPB,OID20049,P16860,Cardiometabolic
NPTX1,OID21074,Q15818,Neurology
NPTXR,OID20191,O95502,Cardiometabolic
NRGN,OID30674,Q92686,Inflammation_II
NRXN3,OID30901,Q9Y4C0,Neurology_II
OMG,OID21352,P23515,Oncology
OSTN,OID30909,P61366,Neurology_II
OXT,OID21047,P01178,Neurology
PACS2,OID30186,Q86VP3,Cardiometabolic_II
PDZK1,OID30550,Q5T2W1,Inflammation_II
PENK,OID30666,P01210,Inflammation_II
PMCH,OID30172,P20382,Cardiometabolic_II
PNMA2,OID30842,Q9UL42,Neurology_II
POLR2F,OID21283,P61218,Oncology
PPP3R1,OID20902,P63098,Neurology
PTH1R,OID20571,Q03431,Inflammation
PTPRR,OID31099,Q15256,Neurology_II
PTPRZ1,OID30343,P23471,Cardiometabolic_II
PVALB,OID21420,P20472,Oncology
PXDNL,OID31405,A1KZ92,Oncology_II
QDPR,OID20174,P09417,Cardiometabolic
RAB6B,OID20817,Q9NRW1,Neurology
RASGRF1,OID31213,Q13972,Oncology_II
REN,OID20201,P00797,Cardiometabolic
RGS8,OID20454,P57771,Inflammation
RTN4R,OID21424,Q9BZR6,Oncology
SCN2A,OID30833,Q99250,Neurology_II
SCN2B,OID30948,O60939,Neurology_II
SCN4B,OID30277,Q8IWT1,Cardiometabolic_II
SCRN1,OID20542,Q12765,Inflammation
SEPTIN3,OID31025,Q9UH03,Neurology_II
SEPTIN8,OID31079,Q92599,Neurology_II
SERPINI1,OID30604,Q99574,Inflammation_II
SEZ6,OID30968,Q53EL9,Neurology_II
SEZ6L,OID21488,Q9BYH1,Oncology
SLITRK1,OID30510,Q96PX8,Inflammation_II
SNAP25,OID30811,P60880,Neurology_II
SOWAHA,OID30888,Q2M3V2,Neurology_II
SPOCK1,OID20924,Q08629,Neurology
STX1B,OID30934,P61266,Neurology_II
SV2A,OID30965,Q7L0J3,Neurology_II
SYT1,OID31089,P21579,Neurology_II
TAGLN3,OID31225,Q9UI15,Oncology_II
TBR1,OID30923,Q16650,Neurology_II
TMPRSS5,OID20947,Q9H3S3,Neurology
TNNI3,OID20050,P19429,Cardiometabolic
TNR,OID20957,Q92752,Neurology
TSPAN7,OID30810,P41732,Neurology_II
TUBB3,OID30799,Q13509,Neurology_II
UMOD,OID20237,P07911,Cardiometabolic
VSNL1,OID31105,P62760,Neurology_II
VSTM2B,OID31272,A6NLU5,Oncology_II
VWC2L,OID31002,B2RUY7,Neurology_II
